Date,Visitor,Home
2018-03-09,Detroit Red Wings,Columbus Blue Jackets
2018-03-09,Anaheim Ducks,Dallas Stars
2018-03-09,Calgary Flames,Ottawa Senators
2018-03-09,Minnesota Wild,Vancouver Canucks
2018-03-10,Chicago Blackhawks,Boston Bruins
2018-03-10,Vegas Golden Knights,Buffalo Sabres
2018-03-10,Arizona Coyotes,Colorado Avalanche
2018-03-10,Minnesota Wild,Edmonton Oilers
2018-03-10,New York Rangers,Florida Panthers
2018-03-10,St. Louis Blues,Los Angeles Kings
2018-03-10,New Jersey Devils,Nashville Predators
2018-03-10,Winnipeg Jets,Philadelphia Flyers
2018-03-10,Washington Capitals,San Jose Sharks
2018-03-10,Montreal Canadiens,Tampa Bay Lightning
2018-03-10,Pittsburgh Penguins,Toronto Maple Leafs
2018-03-11,Vancouver Canucks,Arizona Coyotes
2018-03-11,New York Islanders,Calgary Flames
2018-03-11,Boston Bruins,Chicago Blackhawks
2018-03-11,Dallas Stars,Pittsburgh Penguins
2018-03-12,St. Louis Blues,Anaheim Ducks
2018-03-12,Montreal Canadiens,Columbus Blue Jackets
2018-03-12,Ottawa Senators,Florida Panthers
2018-03-12,Vancouver Canucks,Los Angeles Kings
2018-03-12,Carolina Hurricanes,New York Rangers
2018-03-12,Vegas Golden Knights,Philadelphia Flyers
2018-03-12,Detroit Red Wings,San Jose Sharks
2018-03-12,Winnipeg Jets,Washington Capitals
2018-03-13,Los Angeles Kings,Arizona Coyotes
2018-03-13,Boston Bruins,Carolina Hurricanes
2018-03-13,Edmonton Oilers,Calgary Flames
2018-03-13,Colorado Avalanche,Minnesota Wild
2018-03-13,Dallas Stars,Montreal Canadiens
2018-03-13,Winnipeg Jets,Nashville Predators
2018-03-13,Ottawa Senators,Tampa Bay Lightning
2018-03-14,Vancouver Canucks,Anaheim Ducks
2018-03-14,San Jose Sharks,Edmonton Oilers
2018-03-14,Pittsburgh Penguins,New York Rangers
2018-03-14,Dallas Stars,Toronto Maple Leafs
2018-03-14,New Jersey Devils,Vegas Golden Knights
2018-03-15,Nashville Predators,Arizona Coyotes
2018-03-15,Toronto Maple Leafs,Buffalo Sabres
2018-03-15,Boston Bruins,Florida Panthers
2018-03-15,Detroit Red Wings,Los Angeles Kings
2018-03-15,Pittsburgh Penguins,Montreal Canadiens
2018-03-15,Washington Capitals,New York Islanders
2018-03-15,Columbus Blue Jackets,Philadelphia Flyers
2018-03-15,Colorado Avalanche,St. Louis Blues
2018-03-15,Chicago Blackhawks,Winnipeg Jets
2018-03-16,Detroit Red Wings,Anaheim Ducks
2018-03-16,San Jose Sharks,Calgary Flames
2018-03-16,Nashville Predators,Colorado Avalanche
2018-03-16,Dallas Stars,Ottawa Senators
2018-03-16,Minnesota Wild,Vegas Golden Knights
2018-03-16,New York Islanders,Washington Capitals
2018-03-17,Minnesota Wild,Arizona Coyotes
2018-03-17,Chicago Blackhawks,Buffalo Sabres
2018-03-17,Philadelphia Flyers,Carolina Hurricanes
2018-03-17,Ottawa Senators,Columbus Blue Jackets
2018-03-17,Edmonton Oilers,Florida Panthers
2018-03-17,New Jersey Devils,Los Angeles Kings
2018-03-17,New York Rangers,St. Louis Blues
2018-03-17,Boston Bruins,Tampa Bay Lightning
2018-03-17,Montreal Canadiens,Toronto Maple Leafs
2018-03-17,San Jose Sharks,Vancouver Canucks
2018-03-18,New Jersey Devils,Anaheim Ducks
2018-03-18,St. Louis Blues,Chicago Blackhawks
2018-03-18,Detroit Red Wings,Colorado Avalanche
2018-03-18,Carolina Hurricanes,New York Islanders
2018-03-18,Washington Capitals,Philadelphia Flyers
2018-03-18,Edmonton Oilers,Tampa Bay Lightning
2018-03-18,Calgary Flames,Vegas Golden Knights
2018-03-18,Dallas Stars,Winnipeg Jets
2018-03-19,Calgary Flames,Arizona Coyotes
2018-03-19,Columbus Blue Jackets,Boston Bruins
2018-03-19,Nashville Predators,Buffalo Sabres
2018-03-19,Los Angeles Kings,Minnesota Wild
2018-03-19,Florida Panthers,Montreal Canadiens
2018-03-20,Edmonton Oilers,Carolina Hurricanes
2018-03-20,Colorado Avalanche,Chicago Blackhawks
2018-03-20,Philadelphia Flyers,Detroit Red Wings
2018-03-20,Pittsburgh Penguins,New York Islanders
2018-03-20,Columbus Blue Jackets,New York Rangers
2018-03-20,Florida Panthers,Ottawa Senators
2018-03-20,New Jersey Devils,San Jose Sharks
2018-03-20,Toronto Maple Leafs,Tampa Bay Lightning
2018-03-20,Vancouver Canucks,Vegas Golden Knights
2018-03-20,Los Angeles Kings,Winnipeg Jets
2018-03-20,Dallas Stars,Washington Capitals
2018-03-21,Arizona Coyotes,Buffalo Sabres
2018-03-21,Anaheim Ducks,Calgary Flames
2018-03-21,Montreal Canadiens,Pittsburgh Penguins
2018-03-21,Boston Bruins,St. Louis Blues
2018-03-22,Arizona Coyotes,Carolina Hurricanes
2018-03-22,Florida Panthers,Columbus Blue Jackets
2018-03-22,Vancouver Canucks,Chicago Blackhawks
2018-03-22,Los Angeles Kings,Colorado Avalanche
2018-03-22,Washington Capitals,Detroit Red Wings
2018-03-22,Toronto Maple Leafs,Nashville Predators
2018-03-22,Tampa Bay Lightning,New York Islanders
2018-03-22,Edmonton Oilers,Ottawa Senators
2018-03-22,New York Rangers,Philadelphia Flyers
2018-03-22,Vegas Golden Knights,San Jose Sharks
2018-03-23,Montreal Canadiens,Buffalo Sabres
2018-03-23,Boston Bruins,Dallas Stars
2018-03-23,New Jersey Devils,Pittsburgh Penguins
2018-03-23,Vancouver Canucks,St. Louis Blues
2018-03-23,Anaheim Ducks,Winnipeg Jets
2018-03-24,St. Louis Blues,Columbus Blue Jackets
2018-03-24,Vegas Golden Knights,Colorado Avalanche
2018-03-24,Los Angeles Kings,Edmonton Oilers
2018-03-24,Arizona Coyotes,Florida Panthers
2018-03-24,Nashville Predators,Minnesota Wild
2018-03-24,Washington Capitals,Montreal Canadiens
2018-03-24,Tampa Bay Lightning,New Jersey Devils
2018-03-24,Chicago Blackhawks,New York Islanders
2018-03-24,Buffalo Sabres,New York Rangers
2018-03-24,Carolina Hurricanes,Ottawa Senators
2018-03-24,Calgary Flames,San Jose Sharks
2018-03-24,Detroit Red Wings,Toronto Maple Leafs
2018-03-25,Vancouver Canucks,Dallas Stars
2018-03-25,Anaheim Ducks,Edmonton Oilers
2018-03-25,Boston Bruins,Minnesota Wild
2018-03-25,Philadelphia Flyers,Pittsburgh Penguins
2018-03-25,Nashville Predators,Winnipeg Jets
2018-03-26,Ottawa Senators,Carolina Hurricanes
2018-03-26,San Jose Sharks,Chicago Blackhawks
2018-03-26,Calgary Flames,Los Angeles Kings
2018-03-26,Detroit Red Wings,Montreal Canadiens
2018-03-26,Florida Panthers,New York Islanders
2018-03-26,Washington Capitals,New York Rangers
2018-03-26,Arizona Coyotes,Tampa Bay Lightning
2018-03-26,Buffalo Sabres,Toronto Maple Leafs
2018-03-26,Colorado Avalanche,Vegas Golden Knights
2018-03-27,Philadelphia Flyers,Dallas Stars
2018-03-27,Pittsburgh Penguins,Detroit Red Wings
2018-03-27,Columbus Blue Jackets,Edmonton Oilers
2018-03-27,Carolina Hurricanes,New Jersey Devils
2018-03-27,Minnesota Wild,Nashville Predators
2018-03-27,New York Islanders,Ottawa Senators
2018-03-27,San Jose Sharks,St. Louis Blues
2018-03-27,Anaheim Ducks,Vancouver Canucks
2018-03-27,Boston Bruins,Winnipeg Jets
2018-03-28,Philadelphia Flyers,Colorado Avalanche
2018-03-28,Florida Panthers,Toronto Maple Leafs
2018-03-28,Arizona Coyotes,Vegas Golden Knights
2018-03-28,New York Rangers,Washington Capitals
2018-03-29,Tampa Bay Lightning,Boston Bruins
2018-03-29,Detroit Red Wings,Buffalo Sabres
2018-03-29,Columbus Blue Jackets,Calgary Flames
2018-03-29,Winnipeg Jets,Chicago Blackhawks
2018-03-29,Arizona Coyotes,Los Angeles Kings
2018-03-29,Dallas Stars,Minnesota Wild
2018-03-29,Pittsburgh Penguins,New Jersey Devils
2018-03-29,San Jose Sharks,Nashville Predators
2018-03-29,Florida Panthers,Ottawa Senators
2018-03-29,Edmonton Oilers,Vancouver Canucks
2018-03-30,Los Angeles Kings,Anaheim Ducks
2018-03-30,Chicago Blackhawks,Colorado Avalanche
2018-03-30,Toronto Maple Leafs,New York Islanders
2018-03-30,Tampa Bay Lightning,New York Rangers
2018-03-30,St. Louis Blues,Vegas Golden Knights
2018-03-30,Carolina Hurricanes,Washington Capitals
2018-03-31,St. Louis Blues,Arizona Coyotes
2018-03-31,Florida Panthers,Boston Bruins
2018-03-31,New York Rangers,Carolina Hurricanes
2018-03-31,Edmonton Oilers,Calgary Flames
2018-03-31,Minnesota Wild,Dallas Stars
2018-03-31,Ottawa Senators,Detroit Red Wings
2018-03-31,New York Islanders,New Jersey Devils
2018-03-31,Buffalo Sabres,Nashville Predators
2018-03-31,Montreal Canadiens,Pittsburgh Penguins
2018-03-31,Winnipeg Jets,Toronto Maple Leafs
2018-03-31,Columbus Blue Jackets,Vancouver Canucks
2018-03-31,San Jose Sharks,Vegas Golden Knights
2018-04-01,Colorado Avalanche,Anaheim Ducks
2018-04-01,New Jersey Devils,Montreal Canadiens
2018-04-01,Boston Bruins,Philadelphia Flyers
2018-04-01,Washington Capitals,Pittsburgh Penguins
2018-04-01,Nashville Predators,Tampa Bay Lightning
2018-04-02,Carolina Hurricanes,Florida Panthers
2018-04-02,Colorado Avalanche,Los Angeles Kings
2018-04-02,Edmonton Oilers,Minnesota Wild
2018-04-02,Winnipeg Jets,Ottawa Senators
2018-04-02,Washington Capitals,St. Louis Blues
2018-04-02,Buffalo Sabres,Toronto Maple Leafs
2018-04-03,Detroit Red Wings,Columbus Blue Jackets
2018-04-03,Arizona Coyotes,Calgary Flames
2018-04-03,Nashville Predators,Florida Panthers
2018-04-03,Winnipeg Jets,Montreal Canadiens
2018-04-03,New York Rangers,New Jersey Devils
2018-04-03,Philadelphia Flyers,New York Islanders
2018-04-03,Dallas Stars,San Jose Sharks
2018-04-03,Boston Bruins,Tampa Bay Lightning
2018-04-03,Vegas Golden Knights,Vancouver Canucks
2018-04-04,Minnesota Wild,Anaheim Ducks
2018-04-04,Ottawa Senators,Buffalo Sabres
2018-04-04,Chicago Blackhawks,St. Louis Blues
2018-04-05,Pittsburgh Penguins,Columbus Blue Jackets
2018-04-05,Montreal Canadiens,Detroit Red Wings
2018-04-05,Vegas Golden Knights,Edmonton Oilers
2018-04-05,Boston Bruins,Florida Panthers
2018-04-05,Minnesota Wild,Los Angeles Kings
2018-04-05,Toronto Maple Leafs,New Jersey Devils
2018-04-05,New York Rangers,New York Islanders
2018-04-05,Carolina Hurricanes,Philadelphia Flyers
2018-04-05,Colorado Avalanche,San Jose Sharks
2018-04-05,Arizona Coyotes,Vancouver Canucks
2018-04-05,Calgary Flames,Winnipeg Jets
2018-04-05,Nashville Predators,Washington Capitals
2018-04-06,Dallas Stars,Anaheim Ducks
2018-04-06,St. Louis Blues,Chicago Blackhawks
2018-04-06,Ottawa Senators,Pittsburgh Penguins
2018-04-06,Buffalo Sabres,Tampa Bay Lightning
2018-04-07,Anaheim Ducks,Arizona Coyotes
2018-04-07,Ottawa Senators,Boston Bruins
2018-04-07,Tampa Bay Lightning,Carolina Hurricanes
2018-04-07,Vegas Golden Knights,Calgary Flames
2018-04-07,St. Louis Blues,Colorado Avalanche
2018-04-07,New York Islanders,Detroit Red Wings
2018-04-07,Vancouver Canucks,Edmonton Oilers
2018-04-07,Buffalo Sabres,Florida Panthers
2018-04-07,Dallas Stars,Los Angeles Kings
2018-04-07,Columbus Blue Jackets,Nashville Predators
2018-04-07,New York Rangers,Philadelphia Flyers
2018-04-07,Minnesota Wild,San Jose Sharks
2018-04-07,Montreal Canadiens,Toronto Maple Leafs
2018-04-07,Chicago Blackhawks,Winnipeg Jets
2018-04-07,New Jersey Devils,Washington Capitals
2018-04-08,Florida Panthers,Boston Bruins
